,epoch,client_id,client_side_avg_train_loss
0,0,-1,0.15461944965078425
1,0,1,2.2513673290325578
2,0,2,2.294379434767802
