,epoch,client_id,client_side_avg_train_loss
0,0,-1,0.19309356021728205
1,0,1,0.5388247854622069
2,0,2,0.7902068083165629
3,1,-1,0.0033525332029364636
4,1,1,0.033377127547282726
5,1,2,0.06049518325739795
6,2,-1,0.0014236276265306793
7,2,1,0.016120240491203915
8,2,2,0.029049075177461383
9,3,-1,0.002696598672358492
10,3,1,0.012485970006692134
11,3,2,0.018872528080383588
12,4,-1,0.0003851705220889706
13,4,1,0.011527701233555177
14,4,2,0.015072374991334049
