,epoch,client_id,client_side_avg_train_loss
0,0,-1,0.1745648114146015
1,0,1,0.9600349088513832
2,0,2,0.7654971879548067
